{
  "Author": "xMcacutt",
  "BossStatus": "SemiBoss",
  "Compatibility": "Compatible",
  "DefuserDifficulty": "Medium",
  "Description": "Set the fan to the correct state before solving each module. Tags: semi-boss, fan, blades, power button, spin",
  "ExpertDifficulty": "Hard",
  "Ignore": [ "+SolvesAtEnd, +NeedsOtherSolves, +WillSolveSuddenly, +SolvesWithOthers, +TimeDependent" ],
  "ModuleID": "theFan",
  "MysteryModule": "MustNotBeHidden",
  "Name": "The Fan",
  "Origin": "Mods",
  "Published": "2025-05-22",
  "Quirks": "NeedsOtherSolves",
  "SortKey": "FAN",
  "SourceUrl": "https://github.com/xMcacutt/KTaNE-TheFan-Module",
  "Souvenir": {
    "Explanation": "What state was the fan in when solving the module ___",
    "Status": "Considered"
  },
  "SteamID": "3485923163",
  "Symbol": "Tfn",
  "Type": "Regular"
}